{
  "hnr_db": {
    "ref_high": 12.552595818153698,
    "ref_low": 7.771432065551904
  },
  "spectral_tilt": {
    "ref_high": -0.4463679970921525,
    "ref_low": -1.2482139923932503
  },
  "rms_cv": {
    "ref_high": 0.5751203000545502,
    "ref_low": 0.557494044303894
  },
  "decay_k": {
    "ref_high": 0.520648688773762,
    "ref_low": 0.044392703285911536
  },
  "pitch_variance": {
    "ref_high": 7954.315588663385,
    "ref_low": 277.1845671544654
  },
  "onset_hnr_db": {
    "ref_high": -1.5862877329176412,
    "ref_low": 5.0277361994192376
  },
  "aci": {
    "ref_high": 0.0,
    "ref_low": 0.0
  }
}